<?xml version="1.0"?>
<addon id="repository.kus.allinone" name="[COLORdeepskyblue]K.U.S[/COLOR] AllInOne Repository" version="3.6" provider-name="[COLORdeepskyblue]K.U.S Team[/COLOR]">
    <requires>
        <import addon="xbmc.addon" version="12.0.0"/>
    </requires>
    <extension point="xbmc.addon.repository" name="[COLORdeepskyblue]K.U.S[/COLOR] AllInOne Repository">
        <dir minversion="19.0.0">
            <info compressed="true">https://kodi-unlimited-support.de/repo/data/addons.xml</info>
            <checksum>https://kodi-unlimited-support.de/repo/data/addons.xml.md5</checksum>
            <datadir zip="true">https://kodi-unlimited-support.de/repo/data</datadir>
            <hashes>false</hashes>
        </dir>
    </extension>
    <extension point="xbmc.addon.metadata">
        <summary lang="en_GB">[COLORdeepskyblue]K.U.S[/COLOR] AllInOne Repository</summary>
		<summary lang="de_DE">[COLORdeepskyblue]K.U.S[/COLOR] AllInOne Repository</summary>
        <description lang="en_GB">Download and install addons from the KODI Unlimited Support repository.[CR][CR]Contact + support:[CR][COLORdeepskyblue]https://www.facebook.com/groups/kodiunlimited[/COLOR][CR]Donation:[CR][COLORdeepskyblue]https://www.paypal.me/KodiUnlimited[/COLOR]</description>
        <description lang="de_DE">Downloade und installiere Addons aus dem KODI Unlimited Support Repository.[CR][CR]Kontakt + Support:[CR][COLORdeepskyblue]https://www.facebook.com/groups/kodiunlimited[/COLOR][CR]Spenden-Link:[CR][COLORdeepskyblue]https://www.paypal.me/KodiUnlimited[/COLOR]</description>
        <disclaimer lang="en_GB">[B][COLORred]This is a third party repository and is unrelated to the official Kodi team.[/COLOR][/B]</disclaimer>
		<disclaimer lang="de_DE">[B][COLORred]Dies ist ein Drittanbieter-Repository und steht nicht in Zusammenhang mit dem offiziellen Team Kodi.[/COLOR][/B]</disclaimer>
        <platform>all</platform>
        <assets>
            <icon>icon.png</icon>
            <fanart>fanart.jpg</fanart>
        </assets>
    </extension>
</addon>
