<?xml version="1.0" encoding="UTF-8" standalone="yes"?>
<addon id="plugin.program.XBOX.Build.Wizard" name="[COLOR lime]XBOX[/COLOR] [COLOR yellow]NEXUS[/COLOR] [COLOR lime]WIZARD[/COLOR]" version="533.3" provider-name="[COLOR yellow]demex2008[/COLOR]">
    <requires>
        <import addon="xbmc.python" version="3.0.0" />
        <import addon="script.module.requests" />
        <import addon="script.module.six" />
        <import addon="script.kodi.android.update" optional="true" version="1.1.7" />
    </requires>
    
    <extension point="xbmc.python.pluginsource" library="default.py">
        <provides>executable</provides>
    </extension>
    
    <extension point="xbmc.service" library="startup.py" start="startup" />
    
    <extension point="xbmc.addon.metadata">
        <summary lang="de">[COLOR lime]XBOX Nexus Wizard[/COLOR]</summary>
        <description lang="de">Kodi-Builds installieren + Wartungs-Optionen auf der XBOX</description>
        <platform>all</platform>
        <reuselanguageinvoker>false</reuselanguageinvoker>
        <source></source>
        <news>
        </news>
        <assets>
            <icon>icon.png</icon>
            <fanart>fanart.jpg</fanart>
        </assets>
    </extension>
</addon>
