<?xml version="1.0" encoding="UTF-8" standalone="yes"?>
<addon id="metadata.themoviedb.org.python"
       name="The Movie Database Python"
       version="2.1.0"
       provider-name="Team Kodi">
  <requires>
    <import addon="xbmc.metadata" version="2.1.0"/>
    <import addon="xbmc.python" version="3.0.0"/>
  </requires>
  <extension point="xbmc.metadata.scraper.movies"
             library="python/scraper.py"/>
  <extension point="xbmc.addon.metadata">
    <reuselanguageinvoker>true</reuselanguageinvoker>
    <news>v2.1.0 (2023-03-18)
- Add option to disable posters
- Fix fallback language for landscape images
- Don't add SVG image artwork

v2.0.0 (2023-01-01)
- version 2 for Kodi 19 Matrix and above
- TMDB search second page if no best match on first page</news>
    <platform>all</platform>
    <license>GPL-2.0-or-later</license>
    <forum>https://forum.kodi.tv/showthread.php?tid=344580</forum>
    <website>https://www.themoviedb.org</website>
    <source>https://github.com/xbmc/metadata.themoviedb.org.python</source>
    <assets>
      <icon>icon.png</icon>
    </assets>
    <summary lang="de_DE">Python TMDB Film-Scraper</summary>
    <summary lang="el_GR">Scraper Ταινιών του TMDb</summary>
    <summary lang="en_GB">Python TMDB Movie Scraper</summary>
    <summary lang="en_NZ">Python TMDB Movie Scraper</summary>
    <summary lang="en_US">Python TMDB Movie Scraper</summary>
    <description lang="de_DE">TheMovieDB.org ist eine freie und offene Filmdatenbank. Sie wird komplett von ihren Anwendern betrieben. TMDB wird von Millionen von Menschen und dank ihrer mächtigen API auch von vielen Media-Centern, wie z. B. Kodi, benutzt, um Film-Metadaten, Poster und Fanarts zu beziehen.</description>
    <description lang="el_GR">Το themoviedb.org είναι μία δωρεάν και ανοικτή βάση δεδομένων ταινιών. Διαχειρίζεται πλήρως από ανθρώπους σαν και εσάς. Το TMDb χρησιμοποιείται από εκατομμύρια ανθρώπους κάθε μήνα, και με το πανίσχυρο API τους, χρησιμοποιείται και από πολλά δημοφιλή κέντρα πολυμέσων όπως το Kodi για να λαμβάνουν μετα-δεδομένα Ταινιών, Αφίσες και Fanart για εμπλουτισμό της εμπειρίας του χρήστη.</description>
    <description lang="en_GB">themoviedb.org is a free and open movie database. It&apos;s completely user driven by people like you. TMDb is currently used by millions of people every month and with their powerful API, it is also used by many popular media centers like Kodi to retrieve Movie Metadata, Posters and Fanart to enrich the user&apos;s experience.</description>
    <description lang="en_NZ">themoviedb.org is a free and open movie database. It&apos;s completely user driven by people like you. TMDb is currently used by millions of people every month and with their powerful API, it is also used by many popular media centers like Kodi to retrieve Movie Metadata, Posters and Fanart to enrich the user&apos;s experience.</description>
    <description lang="en_US">themoviedb.org is a free and open movie database. It&apos;s completely user driven by people like you. TMDb is currently used by millions of people every month and with their powerful API, it is also used by many popular media centers like Kodi to retrieve Movie Metadata, Posters and Fanart to enrich the user&apos;s experience.</description>
  </extension>
</addon>
