﻿<?xml version="1.0" encoding="UTF-8" standalone="yes"?>
<addon id="script.xbmcbackup"
    name="[COLOR lime]Backup[/COLOR]" version="1.6.8" provider-name="robweber">
  <requires>
    <import addon="xbmc.python" version="3.0.0"/>
    <import addon="script.module.dateutil" version="2.8.0" />
    <import addon="script.module.future" version="0.18.2+matrix.1" />
    <import addon="script.module.dropbox" version="9.4.0" />
    <import addon="script.module.pyqrcode" version="1.2.1+matrix.1" />
  </requires>
  <extension point="xbmc.python.script" library="default.py">
     <provides>executable</provides>
  </extension>
  <extension point="xbmc.service" library="service.py" />
  <extension point="xbmc.addon.metadata">
    <platform>all</platform>
    <license>MIT</license>
    <forum>https://forum.kodi.tv/showthread.php?tid=129499</forum>
    <source>https://github.com/robweber/xbmcbackup</source>
    <assets>
	    <icon>icon.png</icon>
    	<icon>resources/images/icon.png</icon>
		<screenshot>resources/images/screenshot1.jpg</screenshot>
		<screenshot>resources/images/screenshot2.jpg</screenshot>
		<screenshot>resources/images/screenshot3.jpg</screenshot>
		<screenshot>resources/images/screenshot4.jpg</screenshot>
    </assets>
    <news>Version 1.6.8
Updated language files with Weblate integration
Bring in saved sources from File Manager to file browser
Fixed Dropbox authorization flow
Minor UI fixes
</news>
    <summary lang="de_DE">Kodi sichern und wiederherstellen.</summary>
    <description lang="de_DE">Wurde jemals deine Kodi-Konfiguration zerschossen und hättest dir dann gewünscht, dass eine Datensicherung existiert? Jetzt kannst du eine Sicherung mit nur einem Klick erzeugen.</description>
  </extension>
</addon>
