<?xml version="1.0" encoding="UTF-8"?>
<window type="dialog">
    <defaultcontrol>104</defaultcontrol>
    <coordinates>
        <left>0</left>
        <top>0</top>
    </coordinates>
    <controls>
        <control type="image">
            <texture>Background/log.png</texture>
        </control>
        <control type="group">
            <control type="group">
                <width>1920</width>
                <height>80</height>
                <control type="image">
                    <texture>Background/white.png</texture>
                    <colordiffuse>deepskyblue</colordiffuse>
                </control>
                <control type="label" id="101">
                    <align>center</align>
                    <aligny>center</aligny>
					<font>font13</font>
                    <label>[COLOR $INFO[Window().Property(texture.color2)]]$INFO[Window().Property(message.title)]: $INFO[Window().Property(message.logfile)][/COLOR]</label>
                </control>
            </control>
            <control type="grouplist" id="104">
                <onright>103</onright>
                <top>96</top>
                <left>16</left>
                <width>300</width>
                <height>952</height>
                <itemgap>16</itemgap>
                <defaultcontrol>201</defaultcontrol>
                <control type="button" id="201">
                    <width>300</width>
					<height>60</height>
                    <textcolor>white</textcolor>
					<shadowcolor>black</shadowcolor>
					<label>LOG hochladen</label>
					<align>center</align>
                    <texturefocus colordiffuse="deepskyblue">Background/white.png</texturefocus>
					<texturenofocus colordiffuse="black">Background/white.png</texturenofocus>
                </control>
                <control type="button" id="202">
                    <width>300</width>
					<height>60</height>
                    <textcolor>white</textcolor>
					<shadowcolor>black</shadowcolor>
					<label>LOG</label>
					<align>center</align>
                    <texturefocus colordiffuse="deepskyblue">Background/white.png</texturefocus>
					<texturenofocus colordiffuse="black">Background/white.png</texturenofocus>
					<visible>String.IsEqual(Window().Property(message.buttons), true)</visible>
                </control>
				<control type="button" id="203">
                    <width>300</width>
					<height>60</height>
                    <textcolor>white</textcolor>
					<shadowcolor>black</shadowcolor>
					<label>Old LOG</label>
					<align>center</align>
                    <texturefocus colordiffuse="deepskyblue">Background/white.png</texturefocus>
					<texturenofocus colordiffuse="black">Background/white.png</texturenofocus>
					<visible>String.IsEqual(Window().Property(message.buttons), true)</visible>
                </control>
                <control type="button" id="204">
                    <width>300</width>
					<height>60</height>
                    <textcolor>white</textcolor>
					<shadowcolor>black</shadowcolor>
					<label>Wizard LOG</label>
					<align>center</align>
                    <texturefocus colordiffuse="deepskyblue">Background/white.png</texturefocus>
					<texturenofocus colordiffuse="black">Background/white.png</texturenofocus>
					<visible>String.IsEqual(Window().Property(message.buttons), true)</visible>
                </control>
                <control type="button" id="205">
                    <width>300</width>
					<height>60</height>
                    <textcolor>white</textcolor>
					<shadowcolor>black</shadowcolor>
					<label>Schliessen</label>
					<align>center</align>
                    <texturefocus colordiffuse="deepskyblue">Background/white.png</texturefocus>
					<texturenofocus colordiffuse="black">Background/white.png</texturenofocus>
				</control>
            </control>
            
            <!-- Text Box -->
            <control type="textbox" id="102">
                <left>272</left>
                <top>96</top>
                <width>1600</width>
                <height>952</height>
                <pagecontrol>103</pagecontrol>
                <autoscroll delay="3000" time="1000" repeat="10000">!Control.HasFocus(103)</autoscroll>
                <label>[COLOR white]$INFO[Window().Property(message.logmsg)][/COLOR]</label>
            </control>
            
            <!-- Scrollbar -->
            <control type="scrollbar" id="103">
                <left>1872</left>
                <top>96</top>
                <width>32</width>
                <height>952</height>
                <onleft>104</onleft>
                <onup>102</onup>
                <ondown>102</ondown>
                <texturesliderbackground colordiffuse="$INFO[Window().Property(texture.color2)]">Button/scrollbar-V-background.png</texturesliderbackground>
                <texturesliderbar colordiffuse="$INFO[Window().Property(texture.color2)]">Button/scrollbar-V.png</texturesliderbar>
                <texturesliderbarfocus colordiffuse="$INFO[Window().Property(texture.color1)]">Button/scrollbar-V-focus.png</texturesliderbarfocus>
                <subtype>text</subtype>
            </control>
        </control>
    </controls>
</window>