<?xml version="1.0" encoding="UTF-8"?>
<window>
	<defaultcontrol>201</defaultcontrol>
    <coordinates>
        <left>485</left>
        <top>345</top>
    </coordinates>
    <controls>
        <control type="image">
            <left>0</left>
            <top>0</top>
            <width>950</width>
            <height>390</height>
            <texture>Background/background.png</texture>
        </control>
		<control type="image">
            <left>0</left>
            <top>0</top>
            <width>950</width>
            <height>1</height>
            <texture colordiffuse="deepskyblue">Background/white.png</texture>
        </control>
		<control type="image">
            <left>0</left>
            <top>0</top>
            <width>1</width>
            <height>390</height>
            <texture colordiffuse="deepskyblue">Background/white.png</texture>
        </control>
		<control type="image">
            <left>949</left>
            <top>0</top>
            <width>1</width>
            <height>390</height>
            <texture colordiffuse="deepskyblue">Background/white.png</texture>
        </control>
		<control type="image">
            <left>0</left>
            <top>389</top>
            <width>950</width>
            <height>1</height>
			<texture colordiffuse="deepskyblue">Background/white.png</texture>
        </control>
        <control type="label">
            <left>10</left>
            <top>10</top>
            <width>930</width>
            <height>100</height>
            <font>font13</font>
			<label>KUS AiO Wizard Nexus</label>
            <align>center</align>
            <aligny>top</aligny>
        </control>
        <control type="image" id="501">
            <left>20</left>
            <top>75</top>
            <width>300</width>
            <height>300</height>
            <aspectratio aligny="center" align="center">keep</aspectratio>
        </control>
        <control type="textbox" id="502">
            <left>350</left>
            <top>80</top>
            <width>580</width>
            <height>300</height>
            <font>font12</font>
        </control>
        <control type="button" id="201">
            <left>630</left>
            <top>300</top>
            <width>300</width>
            <height>60</height>
            <font>font12</font>
            <textcolor>white</textcolor>
            <label>Schliessen</label>
			<shadowcolor>black</shadowcolor>
            <align>center</align>
            <aligny>center</aligny>
			<onclick>close</onclick>
            <texturefocus colordiffuse="deepskyblue">Background/white.png</texturefocus>
            <texturenofocus colordiffuse="black">Background/white.png</texturenofocus>
        </control>
    </controls>
</window>

