<?xml version="1.0" encoding="UTF-8" standalone="yes"?>
<addon id="script.skinshortcuts" name="Skin Shortcuts" version="2.0.3" provider-name="BigNoid, marcelveldt, SiLVO, anxdpanic">
    <requires>
        <import addon="xbmc.python" version="3.0.0"/>
        <import addon="script.module.unidecode" version="1.1.1+matrix.2"/>
        <import addon="script.module.simpleeval" version="0.9.10"/>
    </requires>
    <extension point="xbmc.python.library" library="resources/lib/entry_point.py"/>
    <extension point="xbmc.addon.metadata">
        <news>
[fix] translations in PVR |contrib: Dis90|
[fix] titles missing in some dialogs
[fix] handle missing profiles.xml gracefully (fixes Apple TV)
[lang] update translations from Weblate
        </news>
        <platform>all</platform>
        <license>GPL-2.0-only</license>
        <forum>https://forum.kodi.tv/showthread.php?tid=178294</forum>
        <source>https://github.com/mikesilvo164/script.skinshortcuts</source>
        <assets>
            <icon>icon.png</icon>
            <fanart>resources/media/fanart.jpg</fanart>
        </assets>
        <description lang="ar_SA">إضافة مخصصه للمظهر لتوفير إدارة بسيطة للودجيت &quot;الأقسام&quot; و الاختصارات على الشاشة (تتطلب دعم المظهر لها)</description>
        <description lang="cs_CZ">Doplněk pro vzhledy poskytující jednoduchý management a seznamy uživatelských zkratek (vyžaduje podporu vzhledu)</description>
        <description lang="da_DK">Add-on til skins der giver enkel styring og lister over brugergenveje (kræver skin-understøttelse)</description>
        <description lang="de_DE">Addon für Skins zum einfachen Bearbeiten und Auflisten von benutzerdefinierten Verknüpfungen (erfordert Skinunterstützung)</description>
     </extension>
</addon>
