<?xml version="1.0" encoding="UTF-8" standalone="yes"?>
<addon id="script.module.inputstreamhelper" name="InputStream Helper" version="0.6.1+matrix.1" provider-name="emilsvennesson, dagwieers, mediaminister, horstle">
  <requires>
    <!--py3 compliant-->
    <import addon="xbmc.python" version="3.0.0"/>
    <import addon="script.module.pysocks" version="1.6.8" optional="true"/>
  </requires>
  <!-- This is needed to get an add-on icon -->
  <extension point="xbmc.python.script" library="default.py">
    <provides>executable</provides>
  </extension>
  <extension point="xbmc.python.module" library="lib"/>
  <extension point="xbmc.addon.metadata">
    <summary lang="de_DE">Kodi InputStream und DRM Wiedergabe einfach gemacht</summary>
    <description lang="de_DE">Dieses einfache Kodi-Modul macht das Leben für Addon Entwickler einfacher, die auf InputStream basierte Addons und DRM Wiedergabe angewiesen sind.</description>
    <news>
v0.6.1 (2023-05-30)
- Performance improvements on Linux ARM
- This will be the last release for Python 2 i.e. Kodi 18 (Leia) and below. The next release will require Python 3 and Kodi 19 (Matrix) or higher.

    </news>
    <platform>all</platform>
    <license>MIT</license>
    <website>https://github.com/emilsvennesson/script.module.inputstreamhelper/wiki</website>
    <source>https://github.com/emilsvennesson/script.module.inputstreamhelper</source>
    <assets>
      <icon>icon.png</icon>
    </assets>
  </extension>
</addon>
