<?xml version="1.0" encoding="UTF-8" standalone="yes"?>
<addon id="plugin.video.filmpalast_to" name="[COLOR lime]FilmPalast[/COLOR]" version="1.2.0" provider-name="Lary_Loose | HSK-FIX">
    <requires>
        <import addon="xbmc.python" version="3.0.0" targetversion="3.0.0"/>
		<import addon="script.module.resolveurl"/>
    </requires>
    <extension point="xbmc.python.pluginsource" library="default.py">
        <provides>video</provides>
    </extension>
    <extension point="xbmc.addon.metadata">
        <platform>all</platform>
        <summary lang="de">FilmPalast.to FiLME &amp; SERiEN!</summary>
        <summary lang="en">FilmPalast.to MOViS &amp; SERiES!</summary>
        <description lang="de"></description>
        <description lang="en"></description>
		<disclaimer></disclaimer>
		<language></language>
		<license></license>
		<forum></forum>
		<website></website>
		<email></email>
		<source></source>
		<news></news>
		<assets>
			<icon>icon.png</icon>
			<fanart>resources/images/fanart.jpg</fanart>
			<screenshot></screenshot>
			<screenshot></screenshot>
			<screenshot></screenshot>
		</assets>
    </extension>
</addon>