<?xml version="1.0" encoding="UTF-8" standalone="yes"?>
<addon id="plugin.program.xboxwizard2" name="[COLOR lime]XBOX Wizard[/COLOR]" version="2.0.10" provider-name="[COLOR yellow]Stranger[/COLOR]">
    <requires>
        <import addon="xbmc.python" version="3.0.0" />
        <import addon="script.module.requests" />
        <import addon="script.module.six" />
        <import addon="script.kodi.android.update" optional="true" version="1.1.7" />
        <import addon="script.speedtester" optional="true" version="1.1.3" />
    </requires>
    
    <extension point="xbmc.python.pluginsource" library="default.py">
        <provides>executable</provides>
    </extension>
    
    <extension point="xbmc.service" library="startup.py" start="startup" />
    
    <extension point="xbmc.addon.metadata">
        <summary lang="de">[COLOR yellow]XBOX Wizard for Kodi 19/20/21[/COLOR]</summary>
        <description lang="de">[COLOR yellow]Kodi-Builds installieren + Wartungs-Optionen auf der XBOX[/COLOR]</description>
        <platform>all</platform>
        <reuselanguageinvoker>false</reuselanguageinvoker>
        <source></source>
        <news>
2.0.9
 - Updated to include future Kodi Omega Builds
2.0.8
 - Updated to include Kodi Nexus Builds
2.0.7
 - Fix Error when using default log settings
2.0.6
 - Fix regex for formatting tags
 - Fix theme selection after build install
 - Fix downloading into invalid path
2.0.5
 - Add Enable All Add-ons after Build Install
2.0.4
 - Fix leftover broken dialogs
2.0.3
 - Don't show previous version builds in Matrix
2.0.2
 - Replace remaining occurences of LOGNOTICE
2.0.1
 - Add attribution to @slamious
2.0.0
 - Initial Matrix support
1.4.5
 - Fix bugs with unintended files being cleared`
1.4.4
 - Transfer ownership
1.4.3
 - Fix missing artwork on items (thanks @xulek)
1.4.2
 - A few bug fixes
1.4.1
 - Fix crash on fresh installs
1.4.0
 - Fix APK Installer
 - Convert official APK downloader to use official script
 - Add scrollbar to Save Data dialog
 - Fix skin path in build info
 - Initial Commit
        </news>
        <assets>
            <icon>icon.png</icon>
            <fanart>fanart.png</fanart>
        </assets>
    </extension>
</addon>
