﻿<?xml version="1.0" encoding="UTF-8" standalone="yes"?>
<addon id="plugin.program.hsk.crew.wizard.pro"
	name="[COLOR lime]HSK CREW WIZARD[/COLOR]"
	version="1.0.8" 
	provider-name="Loki1979">
	<requires>
		<import addon="xbmc.python" version="3.0.0" targetversion="3.0.0"/>
		<import addon="script.module.inputstreamhelper" version="0.4.7"/>
	</requires>
	<extension point="xbmc.python.pluginsource" library="addon.py">
		<provides>executable</provides>
	</extension>
	<extension point="xbmc.webinterface"/>
	<extension point="xbmc.addon.metadata">
	<summary>[COLOR blue]Created by loki1979[/COLOR]</summary>
	<description>[COLOR blue]02.10.2022 11:00 PYTHON 3[/COLOR]</description>
	<disclaimer></disclaimer>
	<language></language>
	<platform>all</platform>
	<license></license>
	<forum></forum>
	<website></website>
	<email></email>
	<source></source>
	<news></news>
	<assets>
		<icon>icon.png</icon>
		<fanart>resources/fanart.jpg</fanart>
		<banner></banner>
		<clearlogo></clearlogo>
		<screenshot></screenshot>
	</assets>
	</extension>
</addon>
